serial_number,product_number,location type
2M1H0YOV0YMI4H1W,PXXT6T,Warehouse
GUTXG4I9JHU47Q24,S1BFWM,Warehouse
CXRJH7AGE4S2Y34N,SUETA4,Warehouse
243H8FRU4YKFGAVK,24517U,Office
PY05UVKZDAPEOQHP,VX8XMK,Public
GFIBS97UT1OOEXV3,2YCLF6,Factory
S1BJQNAEG4IWY9UN,2MVQ1J,Factory
VTNQCT8O9B4TSQDU,ET01G9,Factory
VXFAOD9P0MZ7TQM6,S12KUB,Warehouse
STM3I3QU4YF3GHVK,CXDUQ0,Office
G1DEYG0S7JE0HK9G,VTQBOX,Office
PFM37JQ4UY99G50K,CYAAWE,Office
2YCLF6NV0YW84A1W,CF59EM,Factory
C4V4EUMJOATURQZT,GFLMIH,Warehouse
GXO8BSLECURD1FUI,24IQVA,Office
2UW3NKQU4Y3KGBVK,2TXOHH,Office
VMMPTPED2B0C9QAV,CFL3L9,Office
EF3KQOXT4MJJCQPF,PFCKFK,Office
SMSYZIWEG48LYJUN,GXO8BS,Warehouse
0U3HQ4Y9JHU47Q24,0ULAFA,Factory
PX64IZN0VY2S45YW,2YP6MF,Office
S4GYAFQU4YKFGAVK,0FPM0B,Factory
CYAAWEP7ROCVAKJC,GXDINI,Factory
0FC1X95UT1OOEXV3,S4GHD3,Office
2144SWNV0YLN4B1W,GUMBI9,Public
ETYBQT1O9B4TSQDU,CYDMMR,Office
EXDMWQ6CGT7ZMKT8,S44MGM,Warehouse
2TXOHHQU4YF3GHVK,2UKT3U,Warehouse
01EINKG2ZHVGJQB0,STCKO9,Factory
CFLO55Q4UY99G50K,G1OISF,Factory
SY9DDAWEG4N6YOUN,S1BFWM,Office
P46KQQMJOATURQZT,VXFAOD,Office
0XX78FIVP1DRUX1L,SYSPZG,Factory
SUUOVBQU4Y3KGBVK,CXOO9N,Factory
EMR6OQVRS9GPBKOE,011CVS,Office
VFT9PQXT4MJJCQPF,2YTW2Z,Office
2MVQ1JNV0Y6I4H1W,C4EU21,Warehouse
GUCY2QY9JHU47Q24,VTKXF3,Office
CXAK45WGE4S2Y34N,VFPJG1,Office
24IQVAQU4YKFGAVK,2T89GM,Factory
PY4MHKCZDAPEOQHP,VTQ1DQ,Warehouse
GF55VX5UT1OOEXV3,VFC38T,Office
S12KUBWEG4IWY9UN,C4EU21,Office
VTQ1DQ1O9B4TSQDU,GF55VX,Office
VX8XMK8P0MZ5TQM6,CXAK45,Public
STPTVHPU4OFBGHVK,CF3FN4,Office
G1OR9QOM7IE3HK9G,CFLO55,Warehouse
PFPT05PAUO9XG50K,VMMDCE,Factory
2YMP1OM30DWH4A1W,VTQ1DQ,Office
C4U9TQ2YGKT5RQZT,S4YBKU,Public
GXRG7X4HB7RK1FUI,CF3TQU,Office
2UKT3UPX8O3AGBVK,PX6J5S,Office
VMPZ0RHUU6059QAV,VFTKT5,Factory
EFIU9TVBR9J5CQPF,SMBB8V,Office
SMBB8VTQQR89YJUN,2UW3NK,Other
0UIQU9DMC3U57Q24,EXOXBG,Office
PXF9DGMOJD2X45YW,S124EJ,Warehouse
S4YBKUP5IOKHGAVK,0U3HQ4,Factory
CYDXCZ9YYNC3AKJC,S1BJQN,Office
0FMAJU0HSJOQEXV3,24517U,Office
21G9LEMFFDLA4B1W,C4UKCX,Factory
ET054OZ1EF45SQDU,C4UKCX,Public
EXOHSPUBAS73MKT8,01V8P4,Factory
2T6FFUPQNOFBGHVK,GXAS0J,Office
011CVSATTLV5JQB0,STTFP4,Office
CF3FN4PA7O9XG50K,S4GHD3,Public
SYS6HVT55RNJYOUN,SU146O,Office
P4FUIJ2YGKT5RQZT,GUTMYA,Office
0X6N3EYJ9ZDQUX1L,214JB8,Office
SUEFRUPX8O3AGBVK,C4VJ14,Warehouse
EMA05DJ118G3BKOE,S4YBKU,Factory
VFC38TVBR9J5CQPF,0X6GIP,Office
2MU19EMKKD6B4H1W,21GK30,Factory
GUMBI9DMC3U57Q24,2UWUQF,Office
CXDUQ0TAHRSFY34N,CYAAWE,Factory
24517UP5IOKHGAVK,VFC38T,Office
PYGH3MB44WP5OQHP,245BH4,Office
GFLMIH0HSJOQEXV3,VMMPTP,Office
S19UA3TXXRIOY9UN,GUMBI9,Warehouse
VTWAIYZ1EF45SQDU,GXRG7X,Warehouse
VXXYFB19O2Z5TQM6,PFMUH9,Office
STTJMX9QNOFBAHVK,GXR7HK,Office
G1R8DUNMMIE3LK9G,C4UKCX,Factory
PFTJMA9A7O9XA50K,2144SW,Warehouse
2YPZCQ233DWHRA1W,PFPO4X,Office
C4E3BMFYGKT5QQZT,GFLA5T,Warehouse
GXAS0JRHB7RKZFUI,G1DS0P,Factory
2UNJM59X8O3AABVK,STCKO9,Office
VMTW7YLUU6058QAV,EMD2UI,Warehouse
EF5O1BJBR9J5BQPF,01UNJO,Warehouse
SM25PFSQQR89DJUN,CYOY2T,Office
0U51A1KMC3U55Q24,2MEAQ2,Public
PX83CA2OJD2XR5YW,EF5O1B,Warehouse
S405MQ95IOKHAAVK,PFTFPH,Office
CYOY2T8YYNC3WKJC,P464W4,Warehouse
0FPXYHO3SJOQHXV3,GXR7HK,Office
21Y3C52SFDLARB1W,S124EJ,Public
ET4MVY3KEF45XQDU,2T6FFU,Warehouse
EXRQJ976AS732KT8,PFCKFK,Warehouse
2TF4WX9JNOFBAHVK,214JB8,Office
01V7M1WNTLV5IQB0,2YTW2Z,Warehouse
CFI42K9K7O8XA50K,243H8F,Warehouse
SYB037SD5RAJDOUN,0U5BDY,Office
P48O03FKGKN5QQZT,EF5O1B,Office
0XFEALDI9ZKQ7X1L,PX83CA,Office
SU146O998OSAABVK,STPTVH,Office
EMD2UIIW18Q36KOE,PFPO4X,Office
VFMTZFJFR9I5BQPF,VMMDCE,Public
2MEAQ227KDJBRH1W,0U51A1,Office
GUP5P3KKC3N55Q24,VTKXF3,Office
CXOO9NSWHRXFD34N,SYS6HV,Public
24LALJ9OIORHAAVK,STPTVH,Warehouse
PYYQYL6N4WK5NQHP,GF55VX,Office
GF3HK3O3XJNQHXV3,GFLMIH,Office
S1SO7RS2DRBOD9UN,STCKO9,Office
VTKXF33K5FN5XQDU,2TXOHH,Warehouse
VX6BL6Z8N235SQM6,CFL3L9,Office
STCKO98JBO7BAHVK,EMAZLS,Public
G1AG8IMWLIQ3LK9G,2MUBS0,Warehouse
PFCKFK8K5O8XA50K,CXA4GF,Office
2YTW2ZFR7DOHRA1W,0UIYEX,Office
C41TF3EK5KN5QQZT,SY9LOL,Warehouse
GXDINIQL67QKZFUI,VMCV6L,Factory
2UQKJO89AOSAABVK,0ULAFA,Factory
VMCV6L4NI6K58QAV,ETYQWU,Office
EFLF3FIFQ9I5BQPF,STPOUA,Office
SM9MRMXZ2QH9DJUM,CYOY2T,Office
0ULAFACK5YN55Q2A,CYOH91,Warehouse
PXXT6TFNIKFXR5YT,PXXT6T,Factory
S44MGM8OHQRHAAVM,2T89GM,Office
CYRBAB1WLMQ3WKJB,VMP64X,Office
0FTYCYN3X5NQHXVY,0X6GIP,Warehouse
210T4TFSRK9ARB1T,245BH4,Office
ETGHSHGK51N5XQDH,VMTW7Y,Factory
EXA1Y156WX532KT1,C4U9TQ,Public
2T89GM8JBQ7BAHVM,S12KUB,Office
01UNJOTNI4K5IQBO,S44MGM,Factory
CF59EM8K5Q8XA50M,2UQKJO,Factory
SY22YMXDZQAJDOUM,2UWUQF,Warehouse
P4XFRBEK5MN5QQZB,GFLMIH,Warehouse
0X8RT4KI83KQ7X14,PFTFPH,Office
SUV9GM89AQSAAUVM,P48341,Factory
EMOLBHYWL1Q36ROH,VFC38T,Factory
VFPJG1IFQXI5BTP1,PX8UMJ,Warehouse
2M1X4TFMSKJBRV1T,EMAZLS,Factory
GUTMYACA5YN5592A,STCKO9,Office
CXRFZMXTLQXFDG4M,2YTW2Z,Factory
243XXM8MHQRHAUVM,CYDMMR,Office
PY01E9UBITK5NZH9,CYOH91,Warehouse
GFIQBYNYX5NQHUVY,2UW3NK,Office
S1BFWMXTDQBODEUM,CF59EM,Office
VTNYMUGH51N5XODH,C4V4EU,Public
VXF5R731NF35SPMU,GXO8BS,Factory
STMU5K1MBQ7BAUVM,S401PX,Office
G1DS0P2OLYQ3LS9A,G1DS0P,Office
PFMUH91M5Q8XA40M,01V8P4,Public
2YCV8IEM7KOHRV1T,PFMUH9,Office
C4VJ14HB5MN5QJZB,CYDMMR,Other
GXOC2DP465QKZEUY,S4YBKU,Factory
2UWUQF1MAQSAAUVM,ETYQWU,Office
VMMDCERHIUK58DAJ,PYGXID,Office
EF34WJY1QXI5BTP1,EMAZLS,Office
SMSHJWVT2QH9DEUM,2UKOIH,Factory
0U3XWTBA5YN5592A,GUMQ5J,Warehouse
PX6J5SEMIKFXR0YT,2TX3ZK,Office
S4GHD31MHQR4AUVM,CFL3L9,Office
CYA5K0Z9LMQRW7JB,PY05UV,Factory
0FCB6OMYX5NTHUVY,P48341,Factory
214JB8EMRK90RV1T,01UNJO,Public
ETYQWUAH51N9XODH,2YTW2Z,Warehouse
EXDAKZ0UWX5G2CT1,2T6T84,Office
2TX3ZK1MBQ74AUVM,S1BJQN,Warehouse
01EEQCSAI4KZI2BO,PFCKFK,Office
CFL3L91M5Q8UA40M,VTNYMU,Office
SY9LOLVTZQAGDEUM,PY05UV,Office
P464W4HB5MNOQJZB,GFIBS9,Other
0XX8XQCY83KP7V14,0FMAJU,Office
SUU3UH1MVQS4AUVM,0FPM0B,Office
EMRPRFDJO1QS6ROH,PX8UMJ,Warehouse
VFTKT5Y1PXI4BTP1,EXDMWQ,Warehouse
2MVYVAEM1KJ0RV1T,GXDINI,Office
GUCH9XBA2YNJ592A,EF3KQO,Office
CXA4GFVT4QXEDG4M,2YMDVB,Factory
24IYUB1MVQR4AUVM,P48341,Warehouse
PY4AZX7BHTKDNZH9,EFLF3F,Warehouse
GF51UQMYV5NTHUVY,GFLMIH,Office
S124EJVTUQBGDEUM,SUU3UH,Office
VTQBOXAHD1N9XODH,SUETA4,Factory
VX8MP5G1MF30SPMU,S1SO7R,Warehouse
STPOUAZMVQ74AUVM,VXF5R7,Public
G1OISFFO9YQ7LS9A,EXA1Y1,Office
PFPO4XZM0Q8UA40M,SUETA4,Office
2YMDVBHM1KO0RV1T,VTNQCT,Factory
C4UKCXLUZMNOQJTB,24IQVA,Warehouse
GXR7HK9RU5QCZE7Y,2UKOIH,Warehouse
2UKOIHZKVQS4AU3M,STM3I3,Warehouse
VMP64XQPAUK28D0J,SMSHJW,Office
EFI9S5DJPXI4BT91,GF51UQ,Warehouse
SMBQXOJIUQHGDE8M,STM3I3,Warehouse
0UIYEX642YNJ59UA,01EINK,Factory
PXFKOXH2YKFVR0DT,G1R8DU,Warehouse
S4YQN4ZFVQY4AUKM,S1SO7R,Factory
CYDMMR3EJMDRW7CB,SUETA4,Office
0FM57T2OV5MTHUJY,CF3TQU,Office
21GK30HW1KG0RVLT,GF51UQ,Factory
ET01G9WTD1B9XO4H,SUUOVB,Warehouse
EXOXBGO7TX0G2CS1,VFMTZF,Public
2T6T84Z3VTY4AUFM,PY05UV,Office
011RUZX0BR7ZI2VO,SU146O,Office
CF3TQUZ90T1UA4OM,GFLA5T,Office
SYSPZGJ8UP0GDENM,SUU3UH,Office
P4F95OLUZ9AOQJTB,VMMDCE,Factory
0X6GIPBD1GCP7VZ4,2T6FFU,Office
SUETA4ZKVTY4AU3M,SMBB8V,Warehouse
EMAZLSKCOZ2S6RGH,GXO8BS,Office
VFCUX4DJPUY4BT91,GF51UQ,Warehouse
2MUBS0HL1CG0RV6T,EF3KQO,Factory
GUMQ5J642OHJ59UA,SUU3UH,Public
CXD9WEJS4PVEDGRM,214JB8,Office
245BH4ZFVTY4AUKM,2MUBS0,Office
PYGXID5VHSRDNZP9,VTKXF3,Office
GFLA5T2OV4MTHUJY,S1BFWM,Office
S199DGJNUP0GDEIM,GUTXG4,Office
VTW559WTDJB9XO4H,CXA4GF,Factory
VXXH80AZMEG0SP2U,2TXOHH,Office
STTFP433VTY4WUFM,01EINK,Warehouse
G1RCOYEG9DZ74SEA,P46KQQ,Public
PFTFPH390T1UW4OM,VXXYFB,Warehouse
2YP6MFL61CG0QVWT,ETGHSH,Office
C4EU214UZ9AOPJTB,24IYUB,Factory
GXAN4B8RU0PC3E7Y,2YMDVB,Warehouse
2UNFPQ3KVTY4WU3M,VMT0HT,Factory
VMT0HTPPA7S21D0J,214JB8,Warehouse
EF53VAKJPUY46T91,VXXYFB,Factory
SM21T5IIUP0GKE8M,CYA5K0,Office
0U5BDYU42OHJ09UA,EFLF3F,Factory
PX8UMJL2YCEVQ0DT,2UNFPQ,Office
S401PX3FVTY4WUKM,01EINK,Warehouse
CYOH91GEJ2DRT7CB,PX8UMJ,Office
0FPM0BFOV4MTLUJY,VMTW7Y,Factory
21YUMKLW1CG0QVLT,243XXM,Office
ET4AUMTTTJB9VO4H,S19UA3,Public
EXRY7AN5SV0GFCS1,011RUZ,Warehouse
2TFJK53B3TY4WUFM,CYOH91,Office
01V8P4V30R7ZY2VO,2T89GM,Warehouse
CFIJ9H3XOT1UW4OM,GFLA5T,Office
SYBZIXIH8P0GKENM,SYSPZG,Warehouse
P4834145U9AOPJTB,GXDINI,Office
0XFSD96KZGCP5VZ4,PYGH3M,Warehouse
SU1JFQ3AKTY4WU3M,G1DEYG,Office
EMDWEMC5CZ2SURGH,CFL3L9,Office
VFMOJKK59UY46T91,GFLA5T,Factory
2ME5W7L9LCG0QV6T,2UWUQF,Office
GUP1TKU54OHJ09UA,2MUBS0,Office
CXO3SLIXRPVEKGRM,ET4MVY,Office
24L53O3HFTY4WUKM,PXFKOX,Office
PYYY0N03VSRDMZP9,GUCY2Q,Warehouse
GF3XNFFQJ4MTLUJY,CYOH91,Warehouse
S1S3H2IANP0GKEIM,PXXT6T,Factory
VTKM8KT5TJB9VO4H,EXOXBG,Warehouse
VX6Q3NW32EG0XP2U,S1BFWM,Factory
STC4RJGB3TY4WUFM,G1OR9Q,Warehouse
G1A7XWH5GDZ74SEA,P4F95O,Factory
PFC483GXOT1UW4OM,STTJMX,Office
2YT09R4J6CG0QVWT,G1RCOY,Warehouse
C41O8KR5U9AOPJTB,VXXYFB,Warehouse
GXDEQ61Q70PC3E7Y,ETYQWU,Office
2UQ479GAKTY4WU3M,GXR7HK,Office
VMC2FN93P7S21D0J,G1DEYG,Office
EFLTIKC59UY46T91,S401PX,Warehouse
SM9AAZYBIP0GKE8M,SU146O,Office
0UL58K754OHJ09UA,GF55VX,Factory
PXXOFI4FDCEVQ0DT,GF55VX,Warehouse
S44AYOGHFTY4WUKM,0FTYCY,Factory
CYRQDWA5E2DRT7CB,GUMBI9,Factory
0FTHMFEQJ4MTLUJY,01V8P4,Warehouse
210OG14OWCG0QVLT,PXF9DG,Warehouse
ETGXBAS5TJB9VO4H,EF3KQO,Office
EXAB0TM5SV0GFCS1,2MU19E,Office
2T8KY1GB3TY4WUFM,0X6GIP,Factory
01UG7BJ30R7ZY2VO,PFTJMA,Warehouse
CF5K1YGXOT1UW4OM,SY22YM,Warehouse
SY2W0UYH8P0GKENM,EXOXBG,Factory
P4XTAHR5U9AOPJTB,CXRJH7,Warehouse
0X8IC1UKZGCP5VZ4,GFIBS9,Public
SUVKY1GAKTY4WU3M,P48O03,Office
EMOV2OB5CZ2YURGH,2MEAQ2,Factory
VFPFYMC59UYA6T91,EF5O1B,Warehouse
2M1MG149LBGFQV6T,GXAS0J,Warehouse
GUTA0B754QH109UA,VX6BL6,Office
CXRTJ4YXR9VHKGRM,2UKT3U,Warehouse
243M61G4FBYQWUKM,VTW559,Public
PY0B1HORVXRTMZP9,S4GHD3,Office
GFIY21ETJAMBLUJY,0FPM0B,Other
S1BTKUY0N905KEIM,GUTXG4,Office
VTNHPAS9T5BYVO4H,SY22YM,Office
VXF1AMTG2HGOXP2U,S124EJ,Office
STM9L1A43BYXWUFM,S4YQN4,Factory
G1DN49LZGKZ14SEA,0XFEAL,Public
PFM9ZYAUOB1HW4OM,2YMDVB,Factory
2YC2X1RG6BGKQVWT,GUP5P3,Office
C4VFVTQOUX0MPJTB,01V7M1,Warehouse
GXOR97ZP7O9B3E7Y,SU146O,Office
2UW9W3A4KB65WU3M,EFI9S5,Warehouse
VMMLM08SP5141D0J,VMT0HT,Factory
EF3JK9B48HDA6T91,SMSHJW,Office
SMSX78D0A9KXKE8M,0U51A1,Factory
0U3MKU5J8QP109UA,PYGH3M,Factory
PX6FLDREKBHJQ0DT,2UQKJO,Warehouse
S4GXOKA4SBLQWUKM,VX8XMK,Office
CYA1NCWDXF4MTMCB,ET054O,Office
0FCQFJHTIA2BLHJY,SY9DDA,Warehouse
214F2LRGJBX3Q3LT,CYA5K0,Office
ETYYK4X985VYVY4H,STTFP4,Office
EXD5NS20XJOAFBS1,CXRFZM,Office
2TXUJFA4RBWXWXFM,VX8MP5,Office
01ESWVI7FQMUYUVO,SUU3UH,Office
CFLU3OAUNBZHWAOM,VMMPTP,Public
SY9VRND0B93QKQNM,2MUBS0,Factory
P46JKTQO8X0MPMTB,SU146O,Office
0XXC6Z7C3AB95JZ4,GFLMIH,Factory
SUUUE3A47B65W53M,0FPXYH,Office
EMRDAG62X3UYUYGH,ET4MVY,Office
VFT4C9B48HDA6B91,CYA5K0,Office
2MVHU6RGOBQFQF6T,GXAN4B,Public
GUCXSU5J8QP101UA,2TXOHH,Office
CXAJYQDVQ9JHKARM,ET01G9,Office
24IHEHA4SBLQWQKM,S4YQN4,Public
PY45J3NRFXYTMTP9,VTQBOX,Warehouse
GF5BE5HTIA2BLHJY,CXRFZM,Warehouse
S12J1AD0H9F5K5IM,VTNYMU,Office
VTQQR5X985VYVY4H,P46KQQ,Factory
VX8ATFSGFHAOX92U,CYDMMR,Factory
STP3EBW4RBWXWXFM,2YTW2Z,Factory
G1OEB54ZXKT141EA,CYDMMR,Public
PFP3GQWUNBZHWAOM,G1RCOY,Warehouse
2YMLUJQG9B5KQKWT,SU1JFQ,Office
C4U4M5PO8X0MPMTB,0FMAJU,Office
GXR8Z53P5O9B3H7Y,C4VJ14,Warehouse
2UK35AW47B65W53M,SU146O,Office
VMPPG31YF514140J,2UNFPQ,Public
EFIKBX6A8HDA6B91,VFC38T,Office
SMBY6BKFA9KXKX8M,0FMAJU,Office
0UIH15018QP101UA,CYOY2T,Factory
PXF4RKQHKBHJQODT,2UKT3U,Office
S4YYQHWQSBLQWQKM,2YP6MF,Office
CYDAP5TTXF4MTMCB,24IQVA,Office
0FM1H5LBIA2BLHJY,PFTFPH,Public
21G4IOQ5JBX3Q3LT,VFC38T,Office
ET0BY5VY85VYVY4H,P4FUIJ,Office
EXOM2XFOXJOAFBS1,PYGH3M,Warehouse
2T6OXTWXRBWXWXF9,GUP5P3,Factory
011IERY1FQMUYUVN,SUETA4,Office
CF3OWTWHNBZHWAO9,CXA4GF,Office
SYSDJPKKB93QKQN2,2TXOHH,Office
P4FKL9PM8X0MPMTF,PY05UV,Office
0X675G5B3AB95JZR,24517U,Warehouse
SUEODTW57B65W539,GXAN4B,Warehouse
EMA63ZU4X3UYUYGL,STPTVH,Office
VFC96U6A8HDA6B9J,2UNFPQ,Other
2MUQBCQXOBQFQF6S,PX8UMJ,Office
GUMYLO018QP101UK,STMU5K,Factory
CXDKKPKJQ9JHKAR2,2T6FFU,Office
245QZTWQSBLQWQK9,PFTJMA,Factory
PYGM5SMMFXYTMTP8,VX8MP5,Warehouse
GFL5L4LBIA2BLHJO,01V8P4,Office
S19KOPK3H9F5K5I2,SY9LOL,Office
VTW1LJVY85VYVY43,CYAAWE,Warehouse
VXXXXEXAFHAOX927,2YTW2Z,Warehouse
STTTTTTXMFWXTXF9,0FCB6O,Warehouse
G1RRRDRUDCT1R1EW,VMMPTP,Office
PFTTTTTHMFZHTAO9,STTFP4,Office
2YPPPCPQC65KPKWS,0UIYEX,Office
C4E9999MBU0M9MTF,2T6T84,Warehouse
GXAGG0G90N9BGH7D,EF5O1B,Factory
2UNTTTT5MF65T539,G1RCOY,Public
VMTZZ1ZY7014Z40I,CF3FN4,Warehouse
EF5UUHUA13DAUB9J,SY22YM,Factory
SM2BCKCFP8KXCX82,SMSHJW,Office
0U5QOMO1ATP1O1UK,VTNYMU,Public
PX89PBPHC6HJPODS,PX6J5S,Factory
S40BT5TQMFLQTQK9,P48341,Office
CYOXS4ST2E4MSMC6,GXAN4B,Office
0FPA4A4BYK2B4HJO,EXOXBG,Warehouse
21Y9PXP5C6X3P3LS,SY9LOL,Office
ET45E1JYH4VYJY43,214JB8,Office
EXRHHJEOVIOAEBSZ,PFPO4X,Office
2TFFNQTXMFWXTXF9,243H8F,Office
01VCTMD1RPMUDUVN,SY9LOL,Office
CFIFSBT3MFZHTAN9,VTWAIY,Warehouse
SYB653CSP83QCQH2,P48341,Office
P48UGY9FBU0M9MIF,0FPXYH,Office
0XFNOA06GWB90J3R,GFIBS9,Office
SU1F8XTJMF65T5R9,EMAZLS,Warehouse
EMD01U78ZGUY7Y5L,STTJMX,Warehouse
VFM37HUK13DAUB8J,SUETA4,Warehouse
2ME1KQPDC6QFPF9S,GXR7HK,Office
GUPBCMOFATP1O1IK,PXFKOX,Office
CXOUB9CIP8JHCAQ2,VMCV6L,Office
24L1I5T9MFLQTQ79,214JB8,Factory
PYYH4Y26SVYT2T38,2UNJM5,Warehouse
GF3MQK4FYKFB4HIO,PYYQYL,Public
S1SUZ7C7P8R5C5A2,2M1X4T,Warehouse
VTKAXFJFH43YJYI3,2YP6MF,Factory
VX6YILVWELWOV9F7,G1DS0P,Factory
STCJAOSOMF9XTXS9,PY4AZX,Office
G1A868Q8DCI1R15W,VMMDCE,Office
PFCJXFS3MF33TAN9,GXAN4B,Warehouse
2YTZS292C6ZSPKJS,ET01G9,Office
C413XF8FBU3F9MIF,0X6GIP,Office
GXDSWNA80N86GH5D,011CVS,Office
2UQJHJSJMFOJT5R9,CYAAWE,Factory
VMCW863670L8Z43I,S44MGM,Factory
EFLO537K13KKUB8J,CFLO55,Warehouse
SM95DRBRP8SDCXB2,EXOXBG,Office
0UL1XFNFAT3FO1IK,SMBQXO,Office
PXX3869LC6LIPOKS,S405MQ,Office
S44509S9MFJ9TQ79,GXR7HK,Office
CYRYO8X82EI6SM56,2MVYVA,Warehouse
0FTXPKRFYKFF4HIO,2UW3NK,Office
2103YZ9ZC6D7P3OS,PXFKOX,Office
ETGM2FIFH43FJYI3,S401PX,Office
EXAQ4IHNVINWEBXZ,CYOH91,Factory
2T840OSOMF9OTXS9,210T4T,Public
01U7H6K6RPL8DU3N,01EINK,Office
CF54VFS3MF33TAN9,GXAN4B,Office
SY204YBSP872CQH2,VMMDCE,Office
P4XODA8FBU3F9MIF,24517U,Office
0X8EMTO6GW680J3R,GUTXG4,Office
SUV40YSJMFOJT5R9,CF59EM,Office
EMO29B58ZGI67Y5L,G1R8DU,Office
VFPT0Y7K13KKUB8J,SYBZIX,Public
2M1AY49DC62RPF9S,2TX3ZK,Office
GUT54HNFVT3FO1IK,CYAAWE,Factory
CXRO71BI98ILCAQ2,21YUMK,Factory
243AFYS9WFJ9TQ79,0FM57T,Office
PY0QVOF6MVL82T38,G1RCOY,Office
GFIH9MRFDKFF4HIO,SY9DDA,Factory
S1BONYB138RZC5A2,SMSHJW,Office
VTNXTBIA043FJYI3,2YTW2Z,Warehouse
VXFBD4JTHLWNV9F7,VFTKT5,Office
STMK3YX16F9OTXS9,0FPXYH,Office
G1DGGHPBUCI6R15W,P4FUIJ,Factory
PFMKJ1XY2F33TAN9,0XX78F,Factory
2YCW648UQ6ZSPKJS,EXOXBG,Office
C4VTUA1HPU3F9MIF,2UNFPQ,Office
GXOISMW1ON86GH5D,VTQ1DQ,Warehouse
2UWKKYX1LFOJT5R9,STCKO9,Office
VMMVP9GOY0L8Z43I,2MVQ1J,Office
EF3FNY5MZ3KKUB8J,2UKOIH,Public
SMSMHY61F1SDCXB2,ETYQWU,Office
0U3AN4MBVB3FO1IK,C4U9TQ,Factory
PX6T3784BULIPOKS,0XFSD9,Factory
S4GMRFX1W1J9TQ79,2TX3ZK,Factory
CYABQVVHTHI6SM56,C4EU21,Factory
0FCY89Q1DMFF4HIO,VFC38T,Public
214T9N8U5UD7P3OS,GXO8BS,Warehouse
ETYHNTYA0A3FJYI3,2T89GM,Office
EXD1QDLMJYNWEBXZ,ET4MVY,Office
2TX973X1619OTXS9,VTNYMU,Office
01ENKGC919L8DU3N,2M1X4T,Factory
CFL9IJXY2133TAN9,S405MQ,Office
SY92A661K172CQH2,SUETA4,Office
P46FNU1HPH3F9MIF,2YP6MF,Factory
0XXRFSNUAT680J3R,S12KUB,Office
SUU91KX1L1OJT5R9,PFMUH9,Office
EMRLDP0A4AI67Y5L,VFTKT5,Public
VFTJMO5MZYKKUB8J,2T6T84,Factory
2MVXEI8UXU2RPF9S,01V8P4,Office
GUCMB4MBVB3FO1IK,ET01G9,Office
CXAF0Z6Y91ILCAQ2,VMTW7Y,Office
24IX1FX1W1J9TQ79,011CVS,Factory
PY417EEJMJL82T38,VX8XMK,Warehouse
GF5Q19Q1DMFF4HIO,C4UKCX,Warehouse
S12FVW6131RZC5A2,P4F95O,Factory
VTQYATYA0A3FJYI3,CXDUQ0,Factory
VX85CQITH4WNV9F7,C4VJ14,Office
STPU1HV1619OTXS9,2UQKJO,Factory
G1OS2K9BUBI6R15W,SYSPZG,Office
PFPUY5VY2133TKN9,GUMQ5J,Office
2YMVEA1UQUZSP7JS,VXXYFB,Office
C4UJPQZHPH3F93IF,G1DS0P,Warehouse
GXRCJFT1OM86GL5D,C4E3BM,Office
2UKULBV1L1OJTOR9,VFTKT5,Office
VMPDYQAOYOL8ZI3I,GUCY2Q,Office
EFI42Q0MZYKKUF8J,011CVS,Warehouse
SMBHFJU1F1SDC2B2,CYOH91,Office
0UIXVQ2TVB3FO3IK,PFCKFK,Public
PXFJA51RBULIPNKS,PX64IZ,Warehouse
S4YHWAV3W1J9TJ79,P48341,Warehouse
CYD5TKJ0THI6SL56,GUMBI9,Factory
0FMBZXPJDMFF43IO,PY01E9,Public
21GJ5B185UD7PROS,VTWAIY,Public
ET0Q0QDU0A3FJ3I3,PY01E9,Office
EXOA9K42JYNWE6XZ,SY9LOL,Warehouse
2T636HVK619OT9S9,SMSHJW,Office
011E1QBC19L8DI3N,P48341,Factory
CF33K5VOF133TKN9,VFTKT5,Warehouse
SYSL7OULR172CZH2,01EINK,Public
P4F43QZ4KH3F93IF,VMP64X,Public
0X68LXM7WT680I3R,C4EU21,Public
SUE3OUVF91EJTOR9,GXAN4B,Office
EMAPIROVNAA67L5L,SM21T5,Warehouse
VFCKFT093YCKUF8J,0FCB6O,Office
2MUY2V1NZUURPS9S,21Y3C5,Office
GUMH392TKBSFO3IK,S124EJ,Factory
CXD4NGUD81YLCWQ2,SYSPZG,Office
245YJUV3O1E9TJ79,S1SO7R,Office
PYGALZHGWJJ82I38,PY4AZX,Public
GFL13UPJKMEF43IO,2MU19E,Office
S194REU6S11ZCDA2,VX8MP5,Office
VTWB3ODUKARFJ3I3,GFLMIH,Office
VXXM6PYSL4TNV8F7,PX6J5S,Office
STTOCUJKJ1EOS9S9,STPTVH,Factory
G1RIAS8PNBB6QL5W,SM21T5,Office
PFTOC4JOF1G3SKN9,01V8P4,Office
2YPDTVZIDUUS97JS,VTW559,Factory
C4EKSJ34KH7F83IF,EF34WJ,Office
GXA7YESZNM16AL5D,VXXYFB,Office
2UNOCUJF91EJSOR9,2UNFPQ,Warehouse
VMT6JDWEWOO83I3I,GUMBI9,Office
EF59ETO93YCK7F8J,PFCKFK,Factory
SM2QME7W711DB2B2,VXXYFB,Factory
0U5YR9FTKBSFN3IK,SUU3UH,Factory
PX8KT0ZR6U4I9NKS,EMAZLS,Warehouse
S40QCUJ3O1E9SJ79,VXXYFB,Warehouse
CYOMBMI0NHH6XL56,VFCUX4,Warehouse
0FP5GH9JKMEFR3IO,2UKT3U,Public
21YKT3Z82UU19ROS,EMA05D,Office
ET411YKUKARAI3I3,GFLMIH,Office
EXRXZBR2IYMTH6XZ,2144SW,Public
2TFTQXJKJJE1S9S9,CYA5K0,Office
01VRCU6CW89BKI3N,VXFAOD,Factory
CFITBAJOFJGYSKN9,VTQ1DQ,Public
SYBPLQ7LRZ1UBZH2,CYA5K0,Factory
P489YM34K37H83IF,S405MQ,Office
0XFGRJ25WSU1OI3R,STPOUA,Factory
SU1TX5JB9JE1SOR9,G1RCOY,Office
EMDZVYNKNWAO5L5L,EMAZLS,Warehouse
VFMUHBOX3OCM7F8J,2MEAQ2,Office
2MEBNFZHZ7U19S9S,P4F95O,Factory
GUPQM1FQKFSBN3IK,VX8XMK,Warehouse
CXO92A7K8ZY4BWQ2,VFCUX4,Factory
24LB5QJAOJE1SJ79,2UKT3U,Warehouse
PYYXGTLQWIJHFI38,P48O03,Office
GF3AWH95K9E1R3IO,SU146O,Warehouse
S1S9J579SZ1UBDA2,210T4T,Office
VTK56YKQKKRAI3I3,ETYQWU,Warehouse
VX6H59DXLRTMJ8F7,ET4MVY,Office
STCFDXIHJJE1S9S9,C4EU21,Factory
G1ACF11KN6B9QL5W,GUP5P3,Warehouse
PFCF6KIQFJGYSKN9,GF3HK3,Office
2YT6B73AD7U197JS,SUUOVB,Public
C41U63GQK37H83IF,GUMQ5J,Warehouse
GXDNKLX3N21UAL5D,VMTW7Y,Office
2UQFZOIB9JE1SOR9,EXDMWQ,Factory
VMC0XITQWNOA3I3I,EMAZLS,Office
EFL3LFNX3OCM7F8J,GF51UQ,Factory
SM91O25J7Z1UB2B2,GF51UQ,Office
0ULB63EQKFSBN3IK,2UW3NK,Warehouse
PXXUXN3Q674Y9NKS,ET4MVY,Public
S4414JIAGJE1SJ79,P46KQQ,Office
CYRHRLYKALHJXL56,PFTFPH,Office
0FTMT385C9E1R3IO,S4GHD3,Office
210U0R3B47U19ROS,C4U9TQ,Office
ETGA93CQSKRAI3I3,S1BJQN,Factory
EXAYG6QFYDMTH6XZ,CXA4GF,Office
2T8J49IHGJE1S9S9,VFC38T,Warehouse
01U8ZIUQJ89BKI3N,2YMP1O,Office
CF5JUKIQEJGYSKN9,2MVQ1J,Factory
SY2ZGZ5OYZ1UBZH2,2TX3ZK,Office
P4X3O3GQR37H83IF,0FCB6O,Warehouse
0X8SPIF5TSU1OI3R,PFPO4X,Office
SUVJ4OIBGJE1SOR9,ETGHSH,Office
EMOWSLMKBWAO5L5L,0FC1X9,Factory
VFPO4FNXGOCM7F8J,2T6FFU,Factory
2M150M3H47U19S9X,24517U,Office
GUT1GAEQ7FSBN3IM,S405MQ,Factory
CXR3HT5K1ZY4BWQF,SM25PF,Office
24358MIAGJE1SJ7X,S12KUB,Office
PY0YUB4QOIJHFI31,2TX3ZK,Warehouse
GFIXSY85C9E1R3IQ,GXO8BS,Factory
S1B3QT59YZ1UBDAF,CXAK45,Office
VTNMCHCQSKRAI3IY,CXA4GF,Office
VXFQO1KX4RTMJ8F5,2MUBS0,Factory
STM4IMYTGJE1S9MX,PFTJMA,Office
G1D7YOZRH6B9QLDT,VXFAOD,Office
PFM47MYTEJGYSKMX,2UWUQF,Factory
2YC0FMGP47U197CX,0X6GIP,Office
C4VOEBA9R37H83B1,CFLO55,Factory
GXOEB4VGM21UAL0K,SUUOVB,Public
2UW4NMYTGJE1SOMX,PY05UV,Warehouse
VMM2THSZ9NOA3I7Y,24IYUB,Public
EF3TQ1MUGOCM7F15,C4V4EU,Warehouse
SMSAZT0CYZ1UB2PF,EXDMWQ,Public
0U35QAHO7FSBN3AM,STCKO9,Factory
PX6OIMGPU74Y9NCX,VX6BL6,Office
S4GAAMYTGJE1SJMX,2YCLF6,Factory
CYAQW9DSALHJXL2U,21YUMK,Office
0FCHXY14C9E1R3YQ,ET01G9,Warehouse
214OSMGP47U19RCX,VX6BL6,Factory
ETYXQUBJSKMAI3HY,VMT0HT,Warehouse
EXDBW7PEYD2TH6V3,0X8RT4,Office
2TXKHKYTGJ51S9MX,VFMTZF,Office
01EGNP7DJ8GBKIRM,01V7M1,Office
CFLK59YTEJAYSKMX,CYAAWE,Office
SY9WDI0CYZ6UBZPF,VTNYMU,Other
P46TQ4A9R31H83B1,2TX3ZK,Office
0XXI8DE0TS71OIGQ,2UNFPQ,Office
SUUKVFYTGJQ1SOMX,21YUMK,Office
EMRVOE27BWPO5LZ4,GXR7HK,Office
VFTFPJMUGOBM7F15,VXFAOD,Factory
2MVM1WGP45I19SCX,STPTVH,Office
GUCA2THO71YBN3AM,24IYUB,Warehouse
CXAT4S0C13D4BWPF,VX8MP5,Public
24IMV3YTG5X1SJMX,S1BJQN,Factory
PY4BH0R2OYEHFIS1,0FPXYH,Warehouse
GF5YVO14CXH1R3YQ,CXA4GF,Office
S12TU80CY3WUBDPF,PFCKFK,Other
VTQHDUBJSMMAI3HY,PY4AZX,Office
VX81MZCV4QSMJ8E5,VTWAIY,Office
STP9VKDTG551S9MX,VTQ1DQ,Other
G1ON9C3RHU09QLDT,243H8F,Factory
PFP909DTE5AYSKMX,SUETA4,Public
2YM21LAP458197CX,SMBB8V,Warehouse
C4UFT4W9YY1H83B1,EF34WJ,Factory
GXRR7QJG2FZUAL0K,CXRFZM,Factory
2UK93HDTX5Q1SOMX,GUCH9X,Office
VMPL0FXZEMCA3I7Y,01V7M1,Office
EFIJ952UAQBM7F15,SM21T5,Factory
SMBX8AOCW3LUB2PF,VMTW7Y,Office
0UIMUXLOM1YBN3AM,GXO8BS,Factory
PXFFDFAP75RY9NCX,SM9MRM,Warehouse
S4YXKBDT55X1SJMX,STTJMX,Warehouse
CYD1CXK104VJXL2U,0U3XWT,Office
0FMQJQZABXH1R3YQ,243H8F,Warehouse
21GFLJAK85N19RCX,SMBQXO,Factory
ET0Y4X6M1MMAI3HY,0FC1X9,Public
EXO5S59HDK2TH6V3,S44MGM,Office
2T6UFAD5Q551S9MX,21GK30,Office
011SVF54C1GBKIRM,VFMTZF,Office
CF3UNXDBH5AYSKMX,2T6FFU,Factory
SYSVHBOXL36UBZPF,SYS6HV,Factory
P4FJIXW1YY1H83B1,2YPZCQ,Office
0X6C3KHOSX71OIGQ,VFTKT5,Factory
SUEURHDQX5Q1SOMX,PFTJMA,Public
EMAD5XFMVTPO5LZ4,VXF5R7,Office
VFC4852HAQBM7F15,0FC1X9,Office
2MUH9OA3N5I19MCX,EF3KQO,Factory
GUMXIXLYM1YTNAAM,S199DG,Public
CXDJQXOBZ3DRBTPF,S1BJQN,Office
245H74DX55X3SMMX,S12KUB,Office
PYG53RQUGYE0FBS1,S124EJ,Office
GFLBITZABXHJRYYQ,CYAAWE,Office
S19JA0OQ63W8BTPF,G1RCOY,Factory
VTWQI96M1MMUIHHY,S124EJ,Office
VXXAFGBJRQS2J1E5,ET4MVY,Office
STT3M4K5Q55KXMMX,CYDMMR,Factory
G1REDZGYPU0CPODT,VTQ1DQ,Public
PFT3MUKBH5AOXMMX,VMTW7Y,Factory
2YPLCGWFI58L8MCX,PY4MHK,Factory
C4E4BOT1YY141BB1,0U5BDY,Office
GXA80PIA2FZ7W40K,CYAAWE,Warehouse
2UN3M4KQX5QFXMMX,EMA05D,Warehouse
VMTP7SVTEMCVGH7Y,CF59EM,Office
EF5K14FHAQB95115,GXAN4B,Office
SM2YP0N5W3LN6TPF,011RUZ,Public
0U5HAJ4YM1YTMAAM,SUETA4,Office
PX84CEW975RD8MCX,2YMP1O,Office
S40YM4KX55X3XMMX,GUMQ5J,Public
CYOA2DC104VGV92U,0FMAJU,Office
0FP1YT3ABXHJQYYQ,SY9LOL,Office
21Y4CGWK85N68MCX,C41TF3,Office
ET4BV9UM1MMUYHHY,SY22YM,Office
EXRMJ08HDK2SLUV3,214JB8,Public
2TFOW4K5Q55KXMMX,VFTKT5,Office
01VIMY04C1GPCARM,S4YBKU,Warehouse
CFIO2HKBH5AOXMMX,EF3KQO,Factory
SYBD3FNXL36I6TPF,ET4MVY,Office
P48K01T1YY141BB1,SMBB8V,Office
0XF7ABLOSX7ZNYGQ,GUP5P3,Warehouse
SU1O6QKQX5QFXMMX,GUTXG4,Office
EMD6UTEMVTPE0JZ4,2TX3ZK,Factory
VFM9ZAF3AQB95115,2TX3ZK,Office
2MEQQ5WSN5IW8MCX,VFPJG1,Warehouse
GUPYPY43M1YTMAAM,GUTMYA,Office
CXOK9JN6Z3DR6TPF,G1RCOY,Factory
24LQLXKJ55X3XMMX,STTJMX,Warehouse
PYYMY1PIGYE0EBS1,2UW3NK,Warehouse
GF35KB3K6XHJQYYQ,SM21T5,Warehouse
S1SK7KNDO3W86TPF,VTQ1DQ,Office
VTK1FMU3LMMUYHHY,0ULAFA,Warehouse
VX6XLA6IQQS2I1E5,VMMPTP,Warehouse
STCTO5C9245KXMMX,GFLA5T,Office
G1AR84AL370CPODT,G1RCOY,Public
PFCTFHCFL4AOXMMX,PY05UV,Factory
2YTP2XT7H08L8MCX,ET4AUM,Factory
C419F1S3LO141BB1,VFTKT5,Office
GXDGN9YWFEZ7W40K,VMMPTP,Public
2UQTJQCOD4QFXMMX,2MUBS0,Factory
VMCZ6MJI52CVGH7Y,S4YQN4,Office
EFLU3KE3WT695115,ET054O,Office
SM9BR7M29GON6TPF,S4GHD3,Public
0ULQFKR3LJ6TMAAM,SY9LOL,Office
PXX96LT850QD8MCX,S44MGM,Warehouse
S44BGOCJZ423XMMX,011CVS,Factory
CYRXANBL3RFGV92U,CYA5K0,Office
0FTACFGK6ULJQYYQ,CXDUQ0,Office
210942TRA0H68MCX,P4FUIJ,Warehouse
ETG5SK73L96UYHHY,STTJMX,Factory
EXAHYN1LKCFSLUV3,GFLA5T,Office
2T8FGJC924DKXMMX,S1SO7R,Warehouse
01UCJWOI5ZXPCARM,2MVQ1J,Office
CF5FE3CFL4WOXMMX,S1BFWM,Warehouse
SY26YRMZJG9I6TPF,GXDINI,Office
P4XURKS3LO641BB1,011CVS,Office
0X8NT64NXV5ZNYGQ,VXXYFB,Public
SUVFG9COD4ZFXMMX,SUETA4,Office
EMO0BNHL3SFE0JZ4,S401PX,Office
VFP3GKE3WT695115,GF55VX,Office
2M114ZTSB0AW8MCX,2TXOHH,Office
GUTBYKR3LJ6TMAAM,VXXH80,Office
CXRUZIM63GKR6TPF,0FCB6O,Office
2431XOCJZ423XMMX,C4U9TQ,Factory
PY0HEW9I5DX0EBS1,G1DEYG,Warehouse
GFIMBFGK6ULJQYYQ,2T89GM,Public
S1BUW1MDOGJ86TPF,CF3TQU,Office
VTNAMA73L96UYHHY,C4EU21,Office
VXFYRTUIQPX2I1E5,VXFAOD,Office
STMJ51B924DKXMMX,CXD9WE,Warehouse
G1D80BWL37FCPODT,G1R8DU,Office
PFMJHYBFL4WOXMMX,21YUMK,Public
2YCZ8USYH0BL8MCX,PXFKOX,Factory
C4V31HXALO641BB1,EMOLBH,Office
GXOS21DTFE37W40K,24IYUB,Office
2UWJQ1BYD4ZFXMMX,SM21T5,Warehouse
VMMWCOIB52XVGH7Y,EF3KQO,Warehouse
EF3OWMHYWT695115,CXAK45,Office
SMS5J1249GON6TPF,P464W4,Public
0U31WBQHLJ6TMAAM,S4GHD3,Office
PX6354S150QD8MCX,PYGH3M,Factory
S4G5D1BYZ423XMMX,EMAZLS,Factory
CYAYKH6O3RFGV92U,2UNFPQ,Office
0FCX61AM6ULJQYYQ,C4UKCX,Warehouse
2143BUSYA0H68MCX,011CVS,Office
ETYMWA5BL96UYHHY,2UNFPQ,Office
EXDQKMZ4KCFSLUV3,SY9LOL,Warehouse
2TX4Z1BY24DKXMMX,SMBQXO,Warehouse
01E7Q9NH5ZXPCARM,C4EU21,Office
CFL4LYB1L4WOXMMX,C4U9TQ,Public
SY90O124JG9I6TPF,GUP5P3,Public
P46OWTXALO641BB1,24517U,Office
0XXEX7RMXV5ZNYGQ,21YUMK,Office
SUU4U3BYU4ZFXMMX,GUP5P3,Office
EMR2R0L9RSFE0JZ4,GFLA5T,Warehouse
VFTTT9HYTT695115,PY05UV,Office
2MVAV8SYV0AW8MCX,ET01G9,Office
GUC59UQH9J6TMAAM,ET4MVY,Office
CXAOGD2UGGKR6TPF,GXAS0J,Office
24IAUKBYU423XMMX,S4GHD3,Office
PY4QZC8AZDX0EBS1,G1DEYG,Warehouse
GF5HUJAMUULJQYYQ,2T6FFU,Factory
S12OEL24EGJ86TPF,2YTW2Z,Office
VTQXO45BO96UYHHY,SYS6HV,Office
VX8BPS7YPPX2I1E5,2YMP1O,Public
STPKUF6YU4DKXMMX,2T6FFU,Factory
G1OGSVTJS7FCPODT,SY22YM,Office
PFPK4O6144WOXMMX,ETYQWU,Office
2YMWVNXYV0BL8MCX,STPOUA,Office
C4UTCTVAJO641BB1,0FMAJU,Office
GXRIHZKTEE35W40K,SM9MRM,Office
2UKKI36YU4ZBXMMX,0X6GIP,Public
VMPV4GYBD2XKGH7Y,CF3FN4,Public
EFIFS9LYTT6X5115,VXFAOD,Office
SMBMX6F4EAOH6TPF,SYS6HV,Office
0UIAEUPH956QMAAM,G1DEYG,Warehouse
PXFTOQX10OQK8MCX,C4EU21,Warehouse
S4YMNH6YUA2AXMMX,VTWAIY,Other
CYDBM3UO7QFQV92U,214JB8,Warehouse
0FMY75WMUHL5QYYQ,245BH4,Office
21GT3AXYVOH98MCX,CF3TQU,Office
ET0HG504OX6QYHVY,S1BJQN,Warehouse
EXO1BF3RCBFXLUJ3,P4FUIJ,Office
2T698B6FUADHXMWX,EF3KQO,Factory
011NU5MV23XKCAMM,EF3KQO,Factory
CF39QQ6J4AWQXM2X,2T6FFU,Factory
SYS2ZJFNEA9A6T3F,2UKOIH,Public
P4FF55VTJQ6Q1B01,SM21T5,Office
0X6RI5Q2VJ53NYAQ,VX6BL6,Office
SUE9AA63UAZBXM6X,0XFEAL,Office
EMALL34GRXFQ0JU4,2TX3ZK,Public
VFCJXXLOTB6X51Z5,2MVQ1J,Office
2MUXSBX6VOAJ8MQX,VTW559,Office
GUMM55PU956QMAPM,SYBZIX,Office
CXDFWKF7GAKQ6T9F,0U5BDY,Office
245XHH6KUA2AXMLX,243H8F,Office
PYG1I51PZKXKEBY1,GXAN4B,Public
GFLQ55W9UHL5QYDQ,0XX78F,Office
S19FDOFIEAJB6TFF,GXO8BS,Office
VTWY5504OX6QYHVY,VTW559,Office
VXX58X5DP9XFI1H5,24IYUB,Office
STTUPTUFUATHVMWU,0X6GIP,Office
G1RSORSES5RQ9OTS,SU146O,Office
PFTUPTUJ4ATQVM2U,CYOH91,Public
2YPVMPVWVOPO1M5V,2UWUQF,Office
C4EJ29JTJQ9QZB0J,2YTW2Z,Office
GXAC4GCSEHG5T4OC,2YPZCQ,Warehouse
2UNUPTU3UATBVM6U,0ULAFA,Warehouse
VMTDHZD0DFZKAH1D,P48341,Public
EF54VU4OTBUX01Z4,PXFKOX,Warehouse
SM2HTCE8EACHUTKE,GXAS0J,Factory
0U5XDO9U95OQ2AP9,245BH4,Factory
PX8JMPVZ0OPK1MBV,G1DS0P,Office
S40HPTUKUATAVMLU,CF3FN4,Office
CYO59S7C7QSQJ947,C4VJ14,Office
0FPB04T9UH45PYDT,VMT0HT,Factory
21YJMPVLVOP91MXV,24517U,Factory
ET4QUJO4CXJQDUVO,EFIU9T,Office
EXRA7EGRBBEX47JG,PFMUH9,Factory
2TF3KTUFIATHVKWU,0FM57T,Office
01VEPD2V43DKBPM2,PX8UMJ,Warehouse
CFI39TUJRATQV92U,ET4AUM,Warehouse
SYBLICENXACAUI3E,SUU3UH,Public
P48449JTEQ9QZ40J,SYS6HV,Factory
0XF8D0P2JJ03MDAP,EMAZLS,Factory
SU13FTU3NATBVF6U,VFMTZF,Warehouse
EMDPE1RGMX7QOEUR,P48341,Office
VFMKJH4OSBUX0JZ4,SMSHJW,Warehouse
2MEYWKV63OPJ1WQV,CXOO9N,Factory
GUPHTM9UG5OQ2TP9,CF3TQU,Factory
CXO4SBE5AACQUS9E,GUCH9X,Warehouse
24LY35UB8ATAV3LU,24IYUB,Office
PYYA04ZFUK2KH0YZ,PFCKFK,Factory
GF31NATX7H45PODT,21G9LE,Warehouse
S1S4HXEHQACBU8FE,VTWAIY,Office
VTKB81OXCXJQDUVO,S1SO7R,Factory
VX6M3J0K99VFYZH0,0UIYEX,Office
STCORQ7AIATHVKWU,VMP64X,Factory
G1AIXMXXY5RQ9CTS,0FPM0B,Factory
PFCO8B75RATQV92U,CF3FN4,Office
2YTD93J9FOPO1L5V,2YP6MF,Office
C41K8YIXEQ9QZ40J,SU1JFQ,Office
GXD7QABXHHG5TROC,SMBB8V,Office
2UQO7X7HNATBVF6U,GXO8BS,Factory
VMC6FUKFTFZKAV1D,GUTXG4,Factory
EFL9IHRQSBUX0JZ4,C41TF3,Factory
SM9QAQHA5ACHUNKE,GF51UQ,Office
0ULY8M8XG5OQ2TP9,PFTFPH,Warehouse
PXXKF9J3OOPK12BV,24517U,Factory
S44QY57B8ATAV3LU,EMAZLS,Factory
CYRMDY5X1QSQJG47,SYSPZG,Public
0FT5MKSX7H45PODT,VXXYFB,Office
210KG7JJKOP916XV,VMP64X,Office
ETG1BFNXCXJQDUVO,S12KUB,Office
EXAX0LAQBBEX47JG,EF5O1B,Office
2T8TYO7AIKTHVKWU,SYS6HV,Warehouse
01UR78FF4GDKBPM2,VMCV6L,Public
CF5T1F75RKTQV92U,EMAZLS,Office
SY2P02HBXWCAUI3E,CYOH91,Office
P4X9AFIXET9QZ40J,GF51UQ,Office
0X8GCN9FJI03MDAP,SU146O,Factory
SUVTYJ7HNKTBVF6U,EMRPRF,Office
EMOZ26QXMV7QOEUR,24517U,Warehouse
VFPUY3RQSFUX0JZ4,243H8F,Warehouse
2M1BGRJO3NPJ1WQV,GF55VX,Factory
GUTQ0F8XG4OQ2TP9,2T6FFU,Factory
CXR9J6H5AWCQUS9E,CF59EM,Factory
243B697B8KTAV3LU,CXD9WE,Office
PY0X183FUC2KH0YZ,S12KUB,Public
GFIA2KSX7345PODT,0FCB6O,Office
S1B9KZHHQWCBU8FE,STTFP4,Office
VTN5PFNXCUJQDUVO,VTW559,Public
VXFHAIOK98VFYZH0,VMMDCE,Warehouse
STMFLO5AIKTHVKWU,VXFAOD,Office
G1DC46VXY0RQ9CTS,CYDMMR,Factory
PFMFZF55RKTQV92U,2UNFPQ,Warehouse
2YC6XYI9FNPO1L5V,GF51UQ,Office
C4VUVAYXET9QZ40J,ETGHSH,Factory
GXON9T6XHLG5TROC,S401PX,Office
2UWFWY5UNKTBVF6U,EXDMWQ,Office
VMM0MBCRTEZKAV1D,VXXYFB,Office
EF33KYQTXFUX0JZ4,GF51UQ,Office
SMS174LVDWCHUNKE,PXF9DG,Office
0U3BKH19X4OQ2TP9,CYOY2T,Office
PX6UL1IGNNPK12BV,STPTVH,Office
S4G1OY5UBKTAV3LU,CFLO55,Public
CYAHNO0Z6PSQJG47,2UWUQF,Factory
0FCMFMXU5345PODT,EF3KQO,Office
214U2YIE7NP916XV,VTKXF3,Office
ETYAKBMOXUJQDUVO,GF51UQ,Warehouse
EXDYN4WP66EX47JG,2UNFPQ,Factory
2TXJJY5UAKTTVKWU,0X6GIP,Warehouse
01E8WHES8GDRBPM2,VX8XMK,Office
CFLJ3154QKTTV92U,CFLO55,Public
SY9ZR4LV2WCPUI3E,0FTYCY,Office
P463KAYJXT99Z40J,SYSPZG,Office
0XXS6M8EII0GMDAP,EXDMWQ,Office
SUUJEY5UHKTTVF6U,GXAN4B,Office
EMRWA9PD6V7ZOEUR,C4EU21,Warehouse
VFTOCYQTXFUU0JZ4,ETGHSH,Warehouse
2MV5UYIERNPC1WQV,EMD2UI,Office
GUC1S419X4EO2TP9,EF3KQO,Office
CXA3Y7L0WWBPUS9E,EF5O1B,Factory
24I5EF5UBKNTV3LU,GXO8BS,Office
PY4YJVG78CTSH0YZ,G1R8DU,Office
GF5XE9XU53R4PODT,0XX78F,Warehouse
S1231NLVZW5PU8FE,24IYUB,Office
VTQMRTMOXUGJDUVO,CF3TQU,Public
VX8QTDNC88JEYZH0,ET01G9,Office
STP4E30UAK8TVKWU,GXDINI,Office
G1O7BGJ2601D9CTS,VMT0HT,Warehouse
PFP4GJ04QKSTV92U,C4EU21,Warehouse
2YM0U6YESNKC1L5V,0FC1X9,Office
C4UOMUDJXTC9Z40J,PFPO4X,Factory
GXREZSUVLLA0TROC,SYS6HV,Office
2UK45K0UHKITVF6U,PXXT6T,Office
VMP2GPBR8E47AV1D,ET4MVY,Office
EFITBOPTXF7U0JZ4,PFMUH9,Warehouse
SMBA6I4VDWXPUNKE,ET01G9,Factory
0UI514Z9X4EO2TP9,VMCV6L,Warehouse
PXFORZYGNN9C12BV,VXXYFB,Warehouse
S4YAQF0UBKNTV3LU,CXDUQ0,Office
CYDQPEOZ6PM2JG47,0XX78F,Factory
0FMHH9VU53R4PODT,2T6FFU,Office
21GOIWYE7N3C16XV,PY01E9,Factory
ET0XYT2OXUGJDUVO,STCKO9,Public
EXOB2QTP66HV47JG,ET01G9,Office
2T6KXH0UAK8TVKWU,2YP6MF,Office
011GEKHM8GURBPM2,CXD9WE,Factory
CF3KW50AQKSTV92U,CF3FN4,Office
SYSWJA432WQPUI3E,SY9LOL,Office
P4FTLQDYXTC9Z40J,0ULAFA,Warehouse
0X6I5F1HIIOGMDAP,VTNYMU,Office
SUEKDB0XHKITVF6U,VTNYMU,Factory
EMAV3Q9U6VYZOEUR,VTNYMU,Office
VFCF6QPBXF7U0JZ4,EF34WJ,Office
2MUMBJYQRMFC1WQV,CF3FN4,Office
GUMALQZMXAEO2TP9,2T89GM,Factory
CXDTK54OWTBPUS9E,CXDUQ0,Office
245MZA05BMNTV3LU,CFL3L9,Public
PYGB5KAY8BTSH0YZ,2T6T84,Factory
GFLYLXVH5YR4PODT,2MUBS0,Office
S19TOB4FZT5PU8FE,214JB8,Warehouse
VTWHLQ21XHGJDUVO,C4UKCX,Warehouse
VXX1XKMB81JEYZH0,ET054O,Office
STT9THOQPM8TJKWU,S405MQ,Warehouse
G1RNRQITOO1D8CTS,STPOUA,Factory
PFT9T5OAPMSTJ92U,VXXYFB,Warehouse
2YP2POD5MMKCZL5V,243XXM,Office
C4EF9QKY2BC9340J,GF3HK3,Office
GXARGX7J44A0SROC,0ULAFA,Public
2UN9TUOXPMITJF6U,VX8MP5,Warehouse
VMTLZR61HH47WV1D,2UW3NK,Office
EF5JUT9BV17UOJZ4,VFPJG1,Warehouse
SM2XCVRKTTXP7NKE,2MUBS0,Factory
0U5MO93MDAEOFTP9,P46KQQ,Factory
PX8FPGDAMM9CZ2BV,S4GYAF,Office
S40XTUO5PMNTJ3LU,0UIYEX,Office
CYO1SZN499M2IG47,PFMUH9,Warehouse
0FPQ4UJH0YR49ODT,P46KQQ,Office
21YFPEDXMM3CZ6XV,G1DEYG,Factory
ET4YEOF1ZHGJKUVO,24LALJ,Factory
EXR5HPS9UUHVR7JG,PY05UV,Office
2TFUNUOQPM8TJKWU,EF3KQO,Factory
01VSTSLMAAUR6PM2,ETGHSH,Warehouse
CFIUS4OAPMSTJ92U,CF59EM,Warehouse
SYBV5VR3TTQP7I3E,2TXOHH,Office
P48JGJKY2BC9340J,C4E3BM,Factory
0XFCOEZHYYOG2DAP,0FM57T,Office
SU1U8UOXPMITJF6U,CXA4GF,Warehouse
EMDD1D8UJJYZNEUR,0X8RT4,Factory
VFM47T9BV17UOJZ4,PYYQYL,Office
2MEHKEDQMMFCZWQV,PY4MHK,Office
GUPXC93MDAEOFTP9,EFLF3F,Office
CXOJB0ROTTBP7S9E,2YMP1O,Office
24LHIUO5PMNTJ3LU,ETGHSH,Warehouse
PYY54MWYBBTSL0YZ,2TX3ZK,Warehouse
GF3BQHJ30YR49OKT,GUTXG4,Office
S1SJZ3RSTT5P787E,EXOXBG,Other
VTKQXYFKZHGJKUFO,VTWAIY,Office
VX6AIB2611JEDZL0,EMA05D,Factory
STC3AXNJPM8TJKOU,S124EJ,Office
G1AE6UYNOO1D8C8S,EXOXBG,Office
PFC3XANKPMSTJ9FU,VXXYFB,Office
2YTLSQKDMMKCZL2V,S1BJQN,Office
C414XMCK2BC934FJ,CYA5K0,Warehouse
GXD8WJ5I44A0SQNC,VTNQCT,Office
2UQ3H5N9PMITJHJU,SMSYZI,Factory
VMCP8YUWHH47WF6D,VXFAOD,Warehouse
EFLK5B8FV17UO534,CF3TQU,Office
SM9YDFQ7TTXP7ARE,2MU19E,Factory
0ULHX1GKDAEOFXF9,214JB8,Office
PXX48AKWMM9CZF6V,2UNFPQ,Office
S44Y0QNOPMNTJB9U,2YTW2Z,Office
CYRAOTMN99M2IX87,01V8P4,Office
0FT1PHI30YR49QKT,STTJMX,Office
2104Y5K2MM3CZJZV,VXF5R7,Factory
ETGB2YEKZHGJKXFO,S1SO7R,Office
EXAM49X8UUHVR5IG,C4V4EU,Office
2T8O0XNJPM8TJAOU,SUUOVB,Office
